"","GIS_STATION","Lat","Long"
"1","A-02",55.0038581188119,-166.938421089109
"2","A-03",55.005243125,-166.34199725
"3","A-04",55.0028771518987,-165.751185886076
"4","A-05",54.9978212081784,-165.151775817844
"5","A-06",55.0235578431373,-164.590610980392
"6","B-01",55.3412870652174,-167.547656956522
"7","B-02",55.330085,-166.96808
"8","B-03",55.3416478947368,-166.354432573099
"9","B-04",55.3354403007519,-165.780515263158
"10","B-05",55.343247965368,-165.184236233766
"11","B-06",55.3370714731183,-164.577530645161
"12","B-07",55.3410384536082,-164.016207525773
"13","B-08",55.3415191729323,-163.418052932331
"14","C-01",55.65608778125,-167.5831566875
"15","C-02",55.6762738380282,-166.985373767606
"16","C-03",55.6719755102041,-166.387918503401
"17","C-04",55.6695758441558,-165.801201168831
"18","C-05",55.6688548381295,-165.170211690647
"19","C-06",55.6604742360061,-164.591489636914
"20","C-07",55.6847034825871,-164.008256069652
"21","C-08",55.6666029761905,-163.404555654762
"22","C-09",55.66982515625,-162.84136765625
"23","C-18",55.6759636752137,-168.181858376068
"24","D-01",56.0018732590234,-167.619234076433
"25","D-02",56.0021511111111,-167.000474989899
"26","D-03",56.0013499496222,-166.40056138539
"27","D-04",56.0040181677019,-165.786098581781
"28","D-05",55.9971930414013,-165.183797006369
"29","D-06",55.9980951904762,-164.588914166667
"30","D-07",56.0012704560261,-163.989792084691
"31","D-08",56.0035276212471,-163.391698106236
"32","D-09",55.9959542473118,-162.819315860215
"33","D-10",55.9967063291139,-162.257624810127
"34","D-18",55.9998133260154,-168.230449626784
"35","E-01",56.3331446805349,-167.651267256067
"36","E-02",56.3317415237134,-167.033879677094
"37","E-03",56.3397926984127,-166.409583015873
"38","E-04",56.3368918971631,-165.801240762411
"39","E-05",56.333462854641,-165.20208469352
"40","E-06",56.3234184711779,-164.58491481203
"41","E-07",56.3429597832817,-163.995991547988
"42","E-08",56.3391193719807,-163.401352801932
"43","E-09",56.3306668548387,-162.787570564516
"44","E-10",56.3328648,-162.200713466667
"45","E-11",56.3347825,-161.61797475
"46","E-12",56.3359058333333,-160.991514444444
"47","E-18",56.3320095658466,-168.242907619392
"48","E-19",56.3405226445264,-168.877074403444
"49","E-20",56.3711871764706,-169.449082235294
"50","E-21",56.3482109753954,-170.082738189807
"51","E-22",56.3433573843058,-170.69296501006
"52","F-01",56.6721776219206,-167.671732021116
"53","F-02",56.6739297937294,-167.061951369637
"54","F-03",56.6682420448179,-166.436990084034
"55","F-04",56.6616129181495,-165.842445729537
"56","F-05",56.6637927848101,-165.21972821519
"57","F-06",56.665195681445,-164.60208270936
"58","F-07",56.6649193924051,-163.994031974684
"59","F-08",56.6707414611872,-163.383743378995
"60","F-09",56.6650621472393,-162.784943312883
"61","F-10",56.6649595774648,-162.184674366197
"62","F-11",56.6698864220184,-161.583443853211
"63","F-12",56.6709468571429,-160.985716285714
"64","F-13",56.6651625,-160.375308611111
"65","F-14",56.6759908571429,-159.750313428571
"66","F-18",56.6610611555425,-168.291097465451
"67","F-19",56.6657189737388,-168.906151074637
"68","F-20",56.6721304794521,-169.509077773973
"69","F-21",56.6695067238913,-170.116043948498
"70","F-22",56.6719316374269,-170.735202465887
"71","F-23",56.6675414901664,-171.352390007564
"72","F-24",56.6842522429907,-171.946999260833
"73","F-25",56.6701458461538,-172.569595307692
"74","G-01",57.0031412529183,-167.701882435798
"75","G-02",56.9972678114843,-167.093258201517
"76","G-03",57.0065801099405,-166.462507333944
"77","G-04",56.9988120130152,-165.851681006508
"78","G-05",56.9990202008457,-165.212070163848
"79","G-06",56.9932880366775,-164.607992988134
"80","G-07",57.0147981395349,-163.993271976744
"81","G-08",57.0039678212291,-163.395090782123
"82","G-09",56.9924834653465,-162.784454257426
"83","G-10",56.9988637142857,-162.170010285714
"84","G-11",57.0017725806452,-161.564160322581
"85","G-12",57.001007027027,-160.951084054054
"86","G-13",56.99518,-160.335945
"87","G-14",56.9969705714286,-159.701606285714
"88","G-15",57.0054238888889,-159.122054166667
"89","G-18",56.9975366444792,-168.338651139389
"90","G-19",56.9988856304139,-168.954751280077
"91","G-20",57.0080367654987,-169.552607486523
"92","G-21",57.0034385771543,-170.165541262525
"93","G-22",56.9950900682853,-170.783476138088
"94","G-23",57.0011735230677,-171.393107171959
"95","G-24",57.0007721347403,-172.036075470779
"96","G-25",56.9981199554235,-172.655331352155
"97","G-26",57.0082073684211,-173.233515657895
"98","H-01",57.3294473711175,-167.736135991034
"99","H-02",57.3330942572396,-167.121455622414
"100","H-03",57.3458385205862,-166.486763597348
"101","H-04",57.3351845225603,-165.86462838405
"102","H-05",57.3267130482257,-165.240233089172
"103","H-06",57.3306509594096,-164.614671623616
"104","H-07",57.3325212408759,-163.998675510949
"105","H-08",57.340042739726,-163.388411917808
"106","H-09",57.3310429268293,-162.770804634146
"107","H-10",57.3338268571429,-162.150878
"108","H-11",57.3333918604651,-161.539587906977
"109","H-12",57.3362594285714,-160.932940285714
"110","H-13",57.3307377142857,-160.30096
"111","H-14",57.3314377142857,-159.670517428571
"112","H-15",57.3362857142857,-159.067565428571
"113","H-16",57.3380954285714,-158.406348285714
"114","H-18",57.3323142259641,-168.372453476372
"115","H-19",57.3324890472028,-168.995524755245
"116","H-20",57.3351133963924,-169.602700739111
"117","H-21",57.3238003954802,-170.212311242938
"118","H-22",57.3473203931624,-170.855256692308
"119","H-23",57.332864720696,-171.459977655678
"120","H-24",57.3361418777174,-172.099224581522
"121","H-25",57.345016633565,-172.782889056604
"122","H-26",57.3462801984127,-173.325576309524
"123","I-01",57.6674174528302,-167.770765429245
"124","I-02",57.6722727012564,-167.128943371336
"125","I-03",57.6692221733188,-166.506019641881
"126","I-04",57.6661390425532,-165.882722443262
"127","I-05",57.6564286817326,-165.248834362837
"128","I-06",57.6642147058824,-164.618867782805
"129","I-07",57.6689257407407,-163.997355925926
"130","I-08",57.666816,-163.371977714286
"131","I-09",57.6652468571429,-162.753536571429
"132","I-10",57.664486,-162.134549714286
"133","I-11",57.6686985714286,-161.499500571429
"134","I-12",57.6723548648649,-160.883936486486
"135","I-13",57.6647311764706,-160.270452058824
"136","I-14",57.6631074285714,-159.636454
"137","I-15",57.6672482857143,-159.022309428571
"138","I-16",57.6651308571429,-158.360318285714
"139","I-18",57.6664739442112,-168.403237042591
"140","I-19",57.6636198446267,-169.037351214933
"141","I-20",57.6693435969327,-169.654189379343
"142","I-21",57.6662362242563,-170.272982464858
"143","I-22",57.6684987642276,-170.894977731707
"144","I-23",57.6645692607973,-171.530303826135
"145","I-24",57.6693042118863,-172.172792834625
"146","I-25",57.6661779353979,-172.795596366966
"147","I-26",57.6742295825932,-173.39357026643
"148","J-01",57.9984823533319,-167.804927761789
"149","J-02",58.0044326636266,-167.172012540236
"150","J-03",57.9972699907834,-166.514288086022
"151","J-04",58.0001122192152,-165.901581596752
"152","J-05",57.9937885714286,-165.24998042471
"153","J-06",57.9998084090909,-164.618070681818
"154","J-07",58.0016233333333,-164.017034444444
"155","J-08",57.9983371428571,-163.372842285714
"156","J-09",58.001848,-162.754684571429
"157","J-10",57.9956097142857,-162.118997142857
"158","J-11",57.9951317142857,-161.484920571429
"159","J-12",58.0026120588235,-160.853022352941
"160","J-13",57.9951388571429,-160.218210285714
"161","J-14",58.0015885714286,-159.607546571429
"162","J-15",57.9950164705882,-158.969355882353
"163","J-16",58.0005120588235,-158.322167058824
"164","J-18",57.9985651747975,-168.435602245704
"165","J-19",57.9947629236379,-169.07049492278
"166","J-20",57.999705761194,-169.699866052239
"167","J-21",58.0008846949293,-170.337666872818
"168","J-22",58.0000306038292,-170.967430541237
"169","J-23",58.0002221653342,-171.596104580711
"170","J-24",58.0021436170823,-172.238098598452
"171","J-25",57.9991992180775,-172.870253818747
"172","J-26",57.9958743665768,-173.484387439353
"173","K-01",58.3284352349751,-167.838031407592
"174","K-02",58.3382970873786,-167.191130955937
"175","K-03",58.3207398746082,-166.560905109718
"176","K-04",58.3271592561983,-165.929733719008
"177","K-05",58.3309002702703,-165.289081891892
"178","K-06",58.3319294594595,-164.642571351351
"179","K-07",58.337056,-164.010213142857
"180","K-08",58.337022,-163.368165714286
"181","K-09",58.3296485714286,-162.720071428571
"182","K-10",58.3202525714286,-162.055734571429
"183","K-11",58.2372794285714,-161.517437714286
"184","K-12",58.3058762857143,-160.785528857143
"185","K-13",58.2748661764706,-160.003699411765
"186","K-14",58.330404,-159.548838
"187","K-18",58.3316352353506,-168.46835771854
"188","K-19",58.330866363806,-169.117401005597
"189","K-20",58.3385684699739,-169.73605372846
"190","K-21",58.33397,-170.383133275275
"191","K-22",58.3376404133717,-171.017986213156
"192","K-23",58.3329621530081,-171.649154507343
"193","K-24",58.3357955896021,-172.298963479524
"194","K-25",58.3336623191145,-172.927257462203
"195","K-26",58.3319607062485,-173.565843464209
"196","K-27",58.34252133829,-174.254879665428
"197","L-01",58.6758675782881,-167.867003507307
"198","L-02",58.6731035714286,-167.217877602041
"199","L-03",58.6331411111111,-166.573562666667
"200","L-04",58.6657311428571,-165.931682285714
"201","L-05",58.6631683783784,-165.304130540541
"202","L-06",58.6685322857143,-164.651323142857
"203","L-07",58.6690731428571,-164.003990285714
"204","L-08",58.6695551428571,-163.354861142857
"205","L-09",58.6474851428571,-162.714494571429
"206","L-18",58.6669832335329,-168.498433486361
"207","L-19",58.6606443355028,-169.152180163762
"208","L-20",58.6658471582229,-169.788384720187
"209","L-21",58.6686386585055,-170.438356817138
"210","L-22",58.6659949911348,-171.081646641548
"211","L-23",58.6687354863035,-171.719012483841
"212","L-24",58.6718648789284,-172.369319698609
"213","L-25",58.6679475704378,-172.999655039012
"214","L-26",58.6681457240143,-173.633369379928
"215","L-27",58.6709036342857,-174.290313405714
"216","L-28",58.7324591911765,-174.894694007353
"217","L-29",58.6669563541667,-175.54281734375
"218","L-30",58.6699110928962,-176.200058087432
"219","L-31",58.66873325,-176.842433583333
"220","M-01",58.9995817675545,-167.896138595642
"221","M-02",59.0041753061224,-167.234775510204
"222","M-03",59.0017374285714,-166.584284571429
"223","M-04",59.0013425714286,-165.934851714286
"224","M-05",59.001968,-165.299437714286
"225","M-06",58.9952302857143,-164.652718857143
"226","M-07",59.0006442857143,-164.001519714286
"227","M-08",58.9916288235294,-163.355676470588
"228","M-18",58.9999726075269,-168.536530094086
"229","M-19",59.0026235131018,-169.184162340037
"230","M-20",59.0013189578631,-169.840699736644
"231","M-21",59.0048011476891,-170.483986363284
"232","M-22",58.9964758247482,-171.127698675773
"233","M-23",59.0006193348757,-171.784855896472
"234","M-24",59.0014199431248,-172.432959337571
"235","M-25",59.0007417610194,-173.082483260915
"236","M-26",59.00180680966,-173.72005411503
"237","M-27",59.0046160566706,-174.37100918536
"238","M-28",59.0003846065808,-174.984710615165
"239","M-29",58.9970531750742,-175.731883175074
"240","M-30",59.0013615811966,-176.311807179487
"241","M-31",59.0003612987013,-176.947248701299
"242","M-32",59.0000299166667,-177.58883575
"243","N-01",59.3333761577608,-167.926629211196
"244","N-02",59.3352797222222,-167.265581666667
"245","N-03",59.3363154285714,-166.602033714286
"246","N-04",59.3312254285714,-165.948304571429
"247","N-05",59.3280397058824,-165.314143235294
"248","N-06",59.3307322857143,-164.657478857143
"249","N-07",59.3297068571429,-164.007836
"250","N-18",59.3348254899498,-168.56313959799
"251","N-19",59.3367869787894,-169.237825581997
"252","N-20",59.3336394923858,-169.869968201354
"253","N-21",59.332953505618,-170.53919533583
"254","N-22",59.3310363880026,-171.180890662412
"255","N-23",59.3335365486187,-171.834846431788
"256","N-24",59.3322462411953,-172.501359090715
"257","N-25",59.3369149249249,-173.153163834604
"258","N-26",59.3334522102945,-173.802097748417
"259","N-27",59.3280568552535,-174.437321994857
"260","N-28",59.3313478480553,-175.107131533988
"261","N-29",59.3346529083333,-175.771333875
"262","N-30",59.3373555027933,-176.381050879888
"263","N-31",59.3314071101871,-177.06011012474
"264","O-01",59.6650054954955,-167.968893783784
"265","O-02",59.6591851428571,-167.289194285714
"266","O-03",59.6588917142857,-166.632232857143
"267","O-04",59.6318402857143,-165.947458
"268","O-18",59.6621403361344,-168.611709983193
"269","O-19",59.6695622439586,-169.265680529344
"270","O-20",59.6673704950115,-169.921825533384
"271","O-21",59.6679084938582,-170.582451326075
"272","O-22",59.667255157397,-171.248059140226
"273","O-23",59.6646854577295,-171.898885338164
"274","O-24",59.6662169945877,-172.572409581344
"275","O-25",59.6688177186387,-173.235584305501
"276","O-26",59.6693153206841,-173.868826231962
"277","O-27",59.6633873359988,-174.451121689619
"278","O-28",59.6645550229583,-175.10983069039
"279","O-29",59.6700299755202,-175.865847796818
"280","O-30",59.6697424811594,-176.54101257971
"281","O-31",59.6680328672316,-177.143738644068
"282","P-01",60.0032729411765,-167.989878823529
"283","P-18",60.0049899541284,-168.644187278287
"284","P-19",59.9953753954802,-169.320783073446
"285","P-20",60.000661916271,-169.96687920587
"286","P-21",60.0029480476312,-170.628820694091
"287","P-22",59.9992360268542,-171.303430414322
"288","P-23",59.993356405959,-171.957621230912
"289","P-24",59.9959562520695,-172.619699066639
"290","P-25",60.0043922506878,-173.297880410935
"291","P-26",60.00277833365,-173.949260799924
"292","P-27",60.0018866578947,-174.59874872807
"293","P-28",59.998937917924,-175.260598267954
"294","P-29",59.9984963206714,-175.927117570671
"295","P-30",60.0019779254695,-176.711458389084
"296","P-31",60.0018145041322,-177.219367024793
"297","P-32",60.0031309455371,-177.901107897126
"298","Q-01",60.3292855882353,-167.980547352941
"299","Q-02",60.3361835294118,-167.285956470588
"300","Q-18",60.326772125182,-168.679946593886
"301","Q-19",60.3240322377902,-169.327512113691
"302","Q-20",60.3305957511945,-170.023170422934
"303","Q-21",60.3312947430578,-170.660758070539
"304","Q-22",60.3329563641945,-171.355322236002
"305","Q-23",60.33664068793,-172.064378711695
"306","Q-25",60.3121520683931,-173.392695441567
"307","Q-26",60.3368765086983,-174.076047487702
"308","Q-27",60.3309184979269,-174.7093356879
"309","Q-28",60.3340979880909,-175.385493231685
"310","Q-29",60.3348352880534,-176.034308985244
"311","Q-30",60.33489745468,-176.719647550869
"312","Q-31",60.3318262831461,-177.380876746067
"313","R-22",60.6635760917942,-171.433897470097
"314","R-23",60.6627053309301,-172.108725887527
"315","R-24",60.6692986541298,-172.766007345133
"316","R-25",60.6716839577434,-173.468253493792
"317","R-26",60.6704204342681,-174.134119924269
"318","R-27",60.6649640388534,-174.812322862383
"319","R-28",60.666386672437,-175.451940825159
"320","R-29",60.6711893734283,-176.199898285834
"321","R-30",60.668686932398,-176.810021158588
"322","R-31",60.6662124176752,-177.50959280045
"323","R-32",60.6672382251407,-178.175957373358
"324","S-22",60.988918760846,-171.488161716377
"325","S-23",60.9961327581846,-172.16176447239
"326","S-24",60.9997018590969,-172.816727554052
"327","S-25",61.0037188769054,-173.499684905091
"328","S-26",60.9986189779736,-174.177480232851
"329","S-27",61.0033032848116,-174.882614040849
"330","S-28",60.9999894463957,-175.546734514133
"331","S-29",61.0009977075781,-176.283139233558
"332","S-30",61.0036816191182,-176.980129785106
"333","S-31",60.9968522302854,-177.627544039671
"334","T-25",61.3357471613585,-173.580912043082
"335","T-26",61.3340635591118,-174.317720557003
"336","T-27",61.3338089475703,-174.992548998721
"337","T-28",61.3285838743383,-175.660627851769
"338","T-29",61.3348112467169,-176.305101838557
"339","T-30",61.3324692399008,-176.975267866761
"340","U-25",61.6668761547227,-173.660250710306
"341","U-26",61.6649856157876,-174.434588629553
"342","U-27",61.6692808584535,-175.068231441678
"343","U-28",61.6677644845361,-175.786439107367
"344","U-29",61.663180287995,-176.45941403506
"345","V-25",61.9972881946972,-173.739113526124
"346","V-26",61.9990676517893,-174.50242822812
"347","V-27",61.9929597170353,-175.151942260845
"348","V-28",61.9941524613364,-175.843470223227
"349","Z-05",54.6894241414141,-165.148970707071
