"V1","V2","V3","V4","V5","V6","V7","V8","V9","V10","V11","V12","V13","V14","V15","V16","V17","V18","V19","V20","V21","V22","V23","V24","V25","V26","V27","V28","V29","V30","V31","V32","V33","V34","V35"
1494500.25614404,1514943.88079254,2491416.45592069,783992.636836729,699208.40363901,1306483.34197911,1603322.09260929,2053153.49947828,1368779.73807007,987487.714896214,350574.92323796,312817.683615434,422204.435893313,347505.556355658,76389.2492343068,76119.4713834957,255053.806048458,258559.187587273,159068.220775906,204642.976200807,360781.149460876,311135.361076286,1315030.63606063,2650243.5713961,1460463.83326242,537093.807127916,155756.322032582,240107.457574882,94051.0552704163,788294.414984866,1045268.01453302,771253.667063699,41434.89988507,95048.2503669778,233224.500403681
1639216.28714745,1571840.19010607,2132702.37258724,627000.953370775,689811.850231035,1723889.05317188,1415068.83559218,1969648.98020634,1271531.06309859,918169.388577325,480565.942158983,278853.440299322,461279.609446086,256788.72163383,58346.1487036047,65852.5054534638,308545.478034501,218427.876235328,165094.707263647,272723.614085919,366123.809383143,373809.158501743,1429434.0048767,2958285.45485826,1202004.27001454,667892.307182402,163749.175609703,223520.486515916,120681.792729152,770310.044113616,1062598.65361039,1581696.42432658,55124.5480795876,121073.58735958,204644.489909119
1290796.94700617,2290654.44422043,2549258.16835287,646454.461823372,800303.545808638,1448808.0672953,1401485.18939145,2409923.96832285,1646814.03377335,1051553.01414957,545032.534332193,295648.807377924,461342.871627305,308521.13115952,85687.1353426321,71436.8617291305,243909.89312844,251094.837983752,188394.642677916,232404.907032097,343693.755556302,314770.869557247,1382137.54895403,2352403.02393604,1013066.80248818,536803.845260779,140859.66156333,177869.086519708,97348.2390577185,870586.626078159,937339.42437915,858793.802306236,43553.6090609185,252344.167851815,222436.393995751
1353880.8151714,1246711.69147287,1753004.20654611,1083181.51784757,848629.726998557,1408682.84089875,1335693.60578194,2064418.9370078,1061847.72512973,783187.464930983,384434.333772765,280625.150331071,483072.26173185,267486.198541626,93197.7268931787,81159.9183259129,248607.480758851,248451.865577669,167788.794147219,205608.180794211,314857.602514685,307119.37736713,1224617.2135948,2798592.89774454,1255081.35107865,594315.11720728,200803.202772382,337019.926780853,129846.388945036,756792.85051223,856071.325951502,1374317.11435028,41137.9426170168,106256.304019543,244442.371465087
1552114.7799215,1986698.01077011,2619479.64593733,1015911.11794919,846444.145885785,1651024.7246864,1519233.78966274,2202132.11677772,1747581.40919551,1155328.96005745,501566.198624741,270555.234460554,466939.931962498,410463.887240976,80130.4920554366,74676.0151081875,352901.62687001,351905.716828376,203789.026564826,243327.070074507,360028.407385011,329790.021851857,1349028.57638841,2626561.95521665,1161129.26347383,529150.060930048,164384.872792798,202974.319491095,126313.998001036,1227151.71837306,2157289.1085539,1498687.34984619,60764.1943966342,182656.779448756,245669.58663798
1474164.89954906,1482888.56305427,1770606.66202732,842985.991759608,782619.12625787,1396705.5170244,1501419.17125538,2116838.57382732,1371133.06637939,1167343.63134652,501483.571004263,286065.851602098,505688.164745841,357489.472752691,95949.9405004726,81693.1747640293,290497.623534469,296924.732804401,165114.805033304,242758.084376616,368862.723138947,310309.468212463,1380386.38936436,2878828.42192351,1097327.28338149,608761.608858255,156434.431057038,298945.784359468,119454.358069865,854430.223387634,1133018.93835227,1583194.36673744,59075.0051926059,188293.096937604,238014.91322383
1565961.11152279,1488089.56764027,1628570.12462801,1070995.56370629,794348.838085655,1512531.45644486,1359406.77506151,2025440.18364931,1545052.47723257,1162589.86221232,535469.307948746,284542.033387409,534036.911774769,280329.661222828,81495.985544259,78169.7997568946,303702.409459428,266381.655158378,176831.446320053,269608.895517939,367891.148453569,322464.693881109,1452477.72945173,3039716.56306787,1064506.3455946,566975.95730944,172834.35624004,207725.934210116,114226.19460192,857138.686142878,997743.018018829,656187.279915058,48823.3157060576,121335.100032168,258880.510394462
1544389.2907424,1383858.702321,2216738.54664219,708932.825182084,721362.135046075,1609814.5832292,1292811.58662019,1972158.90778349,1476814.30895146,1007143.72885391,469677.80888901,286040.179588146,501462.242445639,323571.895309432,94528.2093399087,111269.097911715,277469.916972882,230843.252619411,153310.82581313,275656.537534747,367562.918925105,356391.916440778,1431829.14640592,2871304.24335847,1402871.23893942,591211.30116869,221024.618270607,266421.66018528,134863.036162237,936594.262133052,2906934.96536547,1495916.75200643,73437.88251917,148924.292122203,214641.360383884
1487284.42996866,1733590.37321637,1790682.0924132,761854.189981022,914154.911829239,1552350.17099447,1489923.62790958,2047208.80434099,1328888.46365921,945101.129494371,373947.88992233,237833.062671539,392017.321006739,284700.583507751,88574.2800051649,86774.5814451942,277740.557286576,237800.983931403,163280.273870777,268268.915578395,322260.660713336,346020.179757471,1376868.33997324,2780616.16311118,1221152.15602006,570628.399743178,161187.450723709,210097.575375111,106345.799115439,955231.449122463,835338.532070389,804130.142647569,56166.0530832702,213522.158580415,248871.235158153
1588453.75095415,1417225.20241556,1902840.34044702,692792.013229737,817719.528659729,1427094.51092691,2224221.11026067,1925051.73884362,1166531.34698611,1178150.19731605,479079.446211243,271796.467739958,517317.281207431,312069.580878668,102915.969904486,91003.0567305418,311315.742712988,256363.814819922,169886.757807296,283801.601824407,342511.770451947,418177.573835318,1599834.51560117,2706097.82468587,1108942.93197332,523431.943870547,164388.647249578,317540.580363197,134514.52061279,975968.963563104,1133955.4075161,1722179.14334609,44244.292487888,105827.900881257,238791.678685905
1321718.19113741,1126731.08465436,1543985.33782315,2001266.62143216,756135.553898402,1706151.91801899,1497173.18215333,2372127.34762581,1373622.39842318,964703.685470291,592080.408713844,249876.947589015,527476.150643252,319800.815728859,99329.6003656161,66247.1142490961,335247.659979026,234654.003486844,145219.640827682,285580.652804338,334971.184586376,354105.607602431,1852338.86751868,2718625.26468475,1137743.31313869,546217.110952238,119181.370417258,186677.249091864,103905.290758629,909967.538020247,911665.492144273,1348498.9144354,34188.204582219,98788.2099551563,259218.409820287
1535200.87762899,1068163.72310484,1407084.55858187,663015.932144061,739310.357884051,1407354.0259861,1390067.03352664,1917453.02783706,1258813.99341648,917712.974220901,298920.019720629,226527.211673019,434308.749929811,286463.635699274,68838.4766418212,67832.4927633603,239788.29661406,239803.782055516,145837.321888811,218408.530966043,324613.521970113,315515.744286189,1401325.68637852,2563222.67919161,1100184.46614374,553002.269503363,138140.703389873,237969.264589047,105480.43369474,870111.614087539,1039710.06799175,1235654.21559797,31036.7875624004,93410.3676217465,229224.372559763
1425827.37788441,1614461.33608801,1870676.8222473,674518.361406575,916197.863178815,1317731.25118356,1371921.19101317,1941687.15370747,1367355.63333762,1136391.36024319,491219.035349926,354984.184524415,504656.019805043,264960.77998743,118766.097470107,79059.9728301405,278832.067333322,275504.433248998,176415.354355417,297233.76486268,347639.492868073,339479.477299303,1451721.45698077,3023961.2591689,1292909.22942714,696515.335367151,230765.165457544,300805.864582367,113341.502197936,1200171.08463269,1081407.58976731,957376.57237818,57907.2225188102,117507.568906555,245612.180078991
1550189.13350961,1125273.86447486,1404183.53000209,523587.854178873,747364.597828458,1349739.31076472,1362253.68499432,1927999.23073556,1449916.53197428,944758.927956122,638074.535446322,245371.475472312,430375.498586996,311446.919100581,71892.2728306623,62440.0380561013,226625.810784619,202416.352167861,186805.611950734,251231.811484707,333151.416695976,331111.871291248,1485143.24255339,2429570.03340477,969678.375934591,568884.2986113,107134.15863309,157700.70479509,103908.716914736,701709.319213249,865352.928806724,689428.258450497,40191.4872684884,90031.987013087,189894.075478996
1416944.11739603,1486329.1832483,2043739.55453427,1613850.00677337,840298.946206887,1427239.11638464,1440675.00120278,2155817.63344719,1299384.48487179,1029522.52427429,483462.57477427,311142.432715859,565003.93227593,376679.040948322,119381.736958383,73323.2418216348,360128.104174844,306497.519184879,181484.883829895,300598.765679275,380048.531589629,309192.640342526,1488621.93813533,2845993.72422767,1381764.85838189,700446.536801067,220521.827074277,337414.577823904,200743.690829175,1075717.91636054,2646067.15809064,1278850.43646895,38158.0575733643,232515.527205106,291151.123727644
1439936.8666875,1235872.82963521,2000482.16093041,570781.004456396,718557.367448804,1410777.30393047,1461412.69711394,1903382.4145411,1206851.97246648,826011.332434524,474141.472826363,285381.135820668,424787.30702007,323786.512778362,87946.7604533378,86369.8380711419,299503.441351102,257148.164133198,200507.899956845,251982.202451676,356290.522658993,335088.981006979,1497778.90182875,2613771.62560561,1101224.08712267,588824.20981185,148377.392674755,208259.930026831,117092.205375656,974520.838766118,904492.966303548,902905.649547209,61619.1913154088,120667.510807819,225031.649980327
1538908.22666017,1282424.60509105,2373190.81461742,735560.319599589,794428.595600423,1154964.07779766,1320500.34824462,2087840.0900752,1151227.24689883,853614.452849098,431563.761912948,370378.481169577,427415.591449298,293712.846899164,84384.1872626081,79787.780083884,273542.78988784,242500.473004285,161880.141633337,239713.550495783,315553.979785432,334092.866265028,1467563.79978049,2943523.43299455,1289514.70336762,598885.231587774,149888.185864128,349123.224834759,124685.878872266,831241.138959782,1924362.73878997,1763197.32606063,73905.9562395243,87420.1061974319,239210.690777679
1543470.407611,1838175.58370741,2606819.5564177,807851.440802649,831683.21945098,1266372.1367622,1324958.20777054,2357140.74754996,1483481.52735764,1085480.57472895,545415.22885856,249271.975491915,458307.357305531,314164.248035419,81590.8984810685,77070.5999971891,317249.856037207,317297.072616206,175213.733018336,262955.337079739,356215.417751382,341420.134044972,1600984.19293494,2611233.26087575,1065347.61123985,545508.214749813,140672.398106393,233332.341943188,131671.830548392,799373.591923296,1081432.10408296,1534484.4357895,41359.7104072279,94697.7528577269,217059.777582991
1635376.72748056,1777188.1021289,2436883.67622992,600743.729154218,864792.8839657,1332696.68346962,1403063.42516336,1969201.42760494,1213065.82799494,1158412.81156538,532222.009880569,265451.170323928,462415.835384795,298695.242072457,73205.203001128,83459.2416311035,276272.720726896,233284.863786243,167419.224472959,210998.158717311,321347.542285413,291185.971461966,1498033.5651995,2895937.91020506,1190046.24824494,488370.328575261,184338.466771212,266235.32432837,105223.003181063,1046444.32849263,1607713.37970301,1306641.79975159,40300.6514253269,189962.804589493,208424.24308242
1656630.38670802,1407433.16167213,1640250.52103611,1204197.36643054,833677.367870007,1485009.34109499,1521821.73511658,2043769.19200818,1106735.5001997,955914.646942128,361350.023777878,517944.909292557,482474.925650898,345969.158103296,91716.6136152994,77127.2228020722,326388.021468641,411210.087904995,181326.658551411,220401.31695038,361724.066159143,316797.293454063,1541365.06076609,2918974.78496293,1124581.94896756,481367.939074394,146822.801819875,206269.190437513,138559.615008529,807997.486817384,1706868.75085548,1080500.79080774,86923.3086262563,251752.781289862,232228.802470182
1535946.47117733,1341904.29280504,2158295.58673415,638367.38407141,839585.441907238,1395822.23088262,1439390.18602101,2200223.4484477,1304222.93490516,1006429.315968,407594.259472008,301092.231900981,469758.762915469,273193.77815267,73067.9591974451,66375.2093943044,231872.925439413,190889.213005485,175682.339572269,211492.7779458,335955.167025578,356204.020389531,1676296.78704575,2947473.5701641,1183177.73474473,487732.727348571,122684.010201868,162078.553523154,109215.214672596,908510.726741475,1028753.05047265,1525429.09169091,55720.1841493206,96203.3172184449,242450.465268892
1647580.0131876,1885390.16585414,1751609.46452543,797230.92458446,800423.293905559,1569892.34505289,1416092.99264904,2098391.30354082,2013808.07931384,1177572.52337276,402571.355286555,285565.533309548,488405.850340057,363684.618376286,121780.964581494,78647.4694884573,312157.295794756,249929.389817357,162804.801006161,324267.366339942,385689.63335495,353852.165029835,1672313.95389022,2892932.90357561,1138095.16553989,528349.619242063,133009.129001647,231279.135334129,116324.100024237,860763.935006268,1252608.53449082,951682.483245395,52283.6514818239,104347.772443632,270099.517773167
1348911.39495321,1832760.80282131,1606546.88171772,876713.67641739,765346.034269754,1434402.10845275,1494422.76519472,2084307.4185695,1275673.54904788,984136.510664725,545863.979815909,282741.861803449,485929.407085114,302049.934150336,92915.2684468659,69012.1683839734,251445.480566499,228632.388110609,153420.927546885,246226.256526978,333476.130617426,390580.91928594,1634407.51875888,2621545.44975186,1022117.09985174,506764.146988569,143421.841681504,204750.299731218,117493.769179163,850720.907813368,868557.072613463,1275366.50257286,32359.6825162489,96343.101757536,230144.582383984
1452433.00028292,1338416.13293668,1637190.21747821,585467.220827439,879283.396111938,1356131.76051732,1439996.67802741,2067370.38595754,1126308.84140803,834461.317502219,392169.985587122,293039.218096531,487099.486737139,330741.329367054,84993.1952502372,87326.3441458185,348927.86375639,318042.828325342,184377.120587233,269512.218449203,366235.82395256,345088.238505691,1368066.71343067,2608343.01627576,1036336.73098695,492474.169810485,165983.400206335,196349.493945321,118527.540072375,932391.508249238,1031870.2405384,1432875.85990349,55507.9082968093,243848.097032753,262516.986675665
2011612.82485544,1350288.28932246,2692131.16200468,794029.148926957,787652.892038443,1241788.44240009,1428929.85091626,1776018.72999881,1063007.17972832,824513.174627701,406918.150056492,268476.176612454,503489.287834451,266614.816686845,99413.7468259066,81352.4041956841,331552.302314175,259892.861588646,166174.84819109,290633.608635546,341324.510281794,374242.955997645,1341516.69604252,3474717.38492588,1163056.66134133,529100.964076882,145457.893493998,218210.450949612,97282.547393144,711327.646027436,998145.03982808,1483915.81053903,36518.5667374731,91038.5147250233,216783.401278105
1329177.84986389,1831584.16497279,1940742.43285934,710847.95595397,702476.450059432,1461166.3795795,1242738.95747802,1838190.79530588,1276686.62264975,998523.863911321,524271.30695188,299042.22992123,498905.416366289,270127.385522437,112499.436280607,68343.2963405182,253800.326646462,221009.96896546,144991.007598274,233004.824479384,355269.711918103,323979.301201183,1566860.1704754,2689818.90574655,1202002.90587607,706544.735496319,130834.977333707,290727.992480458,88715.3561092399,780112.539679717,724920.299364487,948664.045457332,42898.289229965,116489.249649332,243138.837717966
1538758.63371002,1633583.76326559,2458958.00150079,658635.677760022,761655.735356502,1511665.90569235,1555625.56851863,2184725.52953661,1273865.84814339,872507.458492251,471613.190730804,284241.653260879,605195.557835245,313593.766460603,78705.6630582997,61010.3344276797,229892.282378011,247013.022090322,167872.846621755,265013.393037416,346271.758602973,301123.677839051,1192416.47548116,2730326.13324267,1236411.98489383,653499.982981981,129849.656886773,284204.285256081,100543.882837929,787445.280251312,1239479.02228001,1359869.17724084,29916.7626113208,197953.576644853,201433.414675086
1176493.3014586,1528223.47507353,1690266.24360671,785587.927524765,792370.807484051,1309301.48459125,1357022.90053004,2193264.14944415,1449457.72350797,876283.681683742,454779.579945231,284123.01473677,537595.79408207,263275.640001887,96912.0105137449,82638.7317743789,312640.132656806,230222.570642337,189258.15637449,209947.328899831,349290.470842827,260044.472225585,1187711.53647788,2718235.85340919,1300280.38288409,579265.291156942,176733.388131647,358178.336941829,139263.671419711,894209.446745213,1991554.11127202,1543361.91931054,48453.845660487,253133.431613296,235203.568319018
1450829.40110166,1494364.20096451,2441829.42969684,748018.415079964,797020.950900711,1363849.32513416,1374241.40747598,1885339.81798027,1248951.2528649,933476.149204233,463597.738428146,300222.814668351,460503.385706764,276251.858917835,97934.5766831338,72230.6724685848,245737.79556009,201720.766850982,151662.330075103,307400.579399579,349571.310692443,321396.571079206,1361722.08087502,2402253.46780826,1011139.79989345,466384.746524063,143144.140193427,260790.264925103,102466.669292594,835176.919381917,922889.996667541,1549624.1595273,46271.5073489809,109385.315599659,232221.911836799
1706284.64859094,1607602.03398945,1903724.71080014,935677.651469058,768052.445574624,1523259.2859869,1319991.12291211,2382095.85358598,1016565.28615344,936366.846019096,413598.519403945,274213.390234653,424122.186189738,270798.725739781,87105.6407378848,64260.3888521539,303654.387434955,241173.917884648,170809.858435607,253602.179660985,325029.973772775,315920.82268786,1421965.03352962,2681258.34455551,1420945.3361446,665057.888728155,131816.48241914,236271.931799853,123613.779955371,813027.743077221,1055596.01951148,1530158.97768728,47292.8897024656,99949.526714765,229218.005086278
1423641.96059854,1688789.68464606,2209255.91050426,815667.824057027,845414.74258816,1283928.37192616,1346935.44401379,2164297.10528488,1675627.17839247,943113.591965521,414021.2703323,294468.804042294,407029.7894366,248993.73253875,75554.1098728479,75616.2950526399,256632.690431182,244065.788313365,147016.05404715,249325.756766142,325213.077643435,299865.07135839,1628503.62962568,2957654.00523522,1163135.50708205,594189.149462328,151434.196334814,433028.683539522,330822.809625211,878848.914347938,1295588.61296929,1490380.62773803,56539.7042727427,239344.145840931,252219.798549083
1608330.14472239,1413133.10267764,2290154.04963432,845447.101667304,875102.737852775,1620767.23086339,1533080.99299893,1896234.29632272,1421026.60899991,1023375.04823789,486524.988649209,339849.96520607,531677.176709888,385482.094396868,92673.4580710151,77911.2788587713,279068.153060261,272332.820633442,189254.401740655,208575.707481462,341025.457425943,306583.95684361,1440964.9821576,2790276.69920643,1177647.69926076,613572.97063678,160320.619028333,351718.359187251,94039.9428905126,924229.821314368,1485227.5386633,814902.664169653,66206.8905934823,289751.327988809,240296.646490807
1664914.56621078,1299027.6255872,1288439.5986914,561838.709460379,705244.346893112,1191780.61057792,1491661.05625599,1965530.50256084,1031464.87804851,835158.404357886,470952.585800323,276535.10188089,485920.105681516,288040.961912529,74083.0614563242,100565.869173451,326754.083555757,207837.342801415,151575.374054654,238954.84388794,344417.572662965,313639.238726071,1640136.83239016,2814880.30889985,1512238.97326477,555836.380143656,131618.811063918,247641.476818945,104810.742124523,825263.913270274,2688879.7852581,1664874.9057144,44221.5110836328,92702.8146840471,215696.407019913
1485327.98123706,1351193.81838448,1771387.32683595,641920.727613057,775601.098493017,1679698.07937004,1367862.0600374,2069972.26718574,1295413.88698159,1106336.92078306,666460.9754046,268938.160820021,475898.965363098,340339.981932851,96899.4401311935,82273.9611598249,353383.21545682,278315.157910342,154807.386883549,276706.962036581,323179.121702484,351672.456749696,1593177.23505761,3043248.58983613,1141415.58659549,598090.908543061,161397.678924685,252341.625256042,130911.339658947,1051633.23765147,1017765.23878604,976945.039886784,55919.8436666238,123432.132367582,226762.333725179
1630330.31974432,1461471.48981004,1892013.06900489,1024888.30300391,816275.807332711,1418911.99315835,1323476.86498883,2015441.72192176,1471920.70191418,1034782.37470992,421301.349290629,260025.497828375,446739.997136062,319687.818878473,74574.8746897298,61036.4707027371,251412.724626067,265147.819932727,161871.251420557,287592.946049488,368210.525958295,315988.064230063,1342568.80913046,2631506.31841746,1334236.31630093,920712.310083647,159732.485050856,165942.386759519,165126.412496197,948672.569039597,1180529.52454714,899618.6188293,53561.1031922022,290527.16581502,226560.821855265
1694955.88651427,1466053.93687795,2387668.86931903,551387.80662925,786747.578234606,1405819.29493795,1433074.46813286,1968497.01246737,1159801.78293646,1034019.47025443,641461.639240791,300704.454533335,688035.321374388,292905.001224051,89278.9242997012,70969.560148677,278383.447699939,204070.497238686,169325.570767251,236312.895648813,338882.333388125,278357.996884853,1474139.56771055,2797131.39301249,1136564.69087581,528425.872849006,154113.787018331,215248.543231939,124826.553370439,775273.741300682,1068224.62797834,1391527.0590112,42542.6011053351,225309.334445072,226380.007219394
1461414.25610076,1665787.40160506,1936672.1365772,837395.871067666,863125.979182359,1284419.16701186,1546094.42319683,1934807.43893596,1269974.80842193,864772.583249357,431672.260811166,301607.542429093,438840.84613544,252502.491633386,94541.8798159137,79343.9704302127,266930.556986965,214541.577826063,156663.17845864,249876.342002557,362133.988176926,299871.022571388,1457862.45693062,2675807.49173388,1096744.85266227,514018.132472318,177287.959283605,322975.342998604,95522.6271712431,933805.19529629,1180605.07470273,1362599.71038034,47877.3497653828,108948.312957431,235753.710282317
1527437.61605703,1571878.15416596,2881214.30267966,880726.279234066,737780.247394403,1388083.15190535,1383308.88851332,1887925.65781229,1409072.07613787,1133874.58281857,532647.379682336,288293.895573061,422296.99778778,285009.694493733,94032.0553232162,113786.824036083,318856.211474346,236920.245976007,150275.107483443,267889.389447914,411007.337743703,350851.112456923,1702064.50067571,2818220.91568514,1118018.59638082,582692.462148418,235077.041706225,218171.432053231,183608.61222711,1014215.01445747,1061549.23476487,1583015.06833949,71222.9468851349,103340.175331177,224281.579261933
1607564.68406467,1542102.06724324,2367313.60945582,680806.605928746,734757.379509461,1379435.95672922,1338314.30930213,1981289.9329629,1253499.09167936,981466.623934287,373932.125725179,266211.382282542,476638.271718226,261687.639070748,79278.0093626184,57466.4959421328,260126.014385665,252561.348425076,154261.374251021,252828.914619946,345285.817715733,314906.640744664,1445916.62004322,2731654.20943132,1204747.92930717,498273.410214038,168317.441725916,224193.345019439,124326.287324817,1287943.24883611,1152982.61082492,1438852.07171837,33334.019096757,103969.369204175,233370.575246989
1372932.18849522,1607338.10082439,1415681.76327293,695980.110833779,920334.352518353,1371334.6607921,1382714.82562172,2065900.86423088,1314607.68088461,938555.642390399,457676.838012918,293655.801636573,428525.740440992,249113.442617339,87805.4248476525,75818.023204179,271386.045471761,251097.194685334,168393.995057647,237367.809123259,358625.772880075,306334.822447251,1199843.8634533,2720516.39478879,1132842.48295961,557458.502241932,167682.781850947,223921.475212136,101758.288479274,998575.24549081,1069881.41733066,1486288.51500402,58997.0703775947,129613.145676686,220115.202669305
1483475.53122514,1520340.19252817,1503158.54221732,589272.080290187,753502.562342161,1629282.75783958,1559200.99904719,2077285.78321713,1292000.04562387,1292722.48214314,535830.547002806,301716.11403144,539427.963380884,320203.878403618,99288.8303298926,77994.55462074,289983.200290897,236426.529915394,167137.96462236,249035.97194881,354541.284346877,408048.988321262,1486808.54514918,2751268.43880465,1074079.90843935,522472.824352333,122742.402989954,171923.300805188,97017.6903443659,895447.458313698,1019778.83192749,1000730.49875133,42363.646603354,103025.940445985,228768.637857196
1545842.10770886,1286664.21385954,1605986.44033403,996590.294804071,867954.418776376,1527981.10577609,1743611.32565475,2004857.61307203,1231532.60239497,766182.250765565,614451.626522998,257441.161288686,519344.867876198,275557.44816864,79775.2949041873,62804.841461284,357855.358742992,297153.179046121,152306.917468103,218796.25809806,311780.593352637,307202.867765226,1462200.47440179,2680720.25461157,1087860.44895746,477755.866266851,208320.335004611,516533.49426826,348200.883470504,1052364.30772696,1301696.13809927,1574177.48013642,43710.0802135168,89111.4304294481,226077.539109377
1448720.38498253,1586271.62383545,1466363.83180135,873933.444030861,779103.995547193,1383241.10091247,1405225.16266348,2021983.98340925,1488968.18118844,860459.011137331,701792.588837255,327680.396339224,492281.342080719,266546.41623758,92924.7922938018,87619.3720999723,251877.305153617,208801.61815748,201800.823058969,231003.868361605,339784.517497568,320297.958911201,1475602.094084,2322122.32031732,968388.321092273,443086.946332675,129270.992783624,150496.38610748,100339.797955106,825623.129133741,877003.091393256,1225090.98868627,54589.2555128329,109936.940184895,206257.918827369
1412974.89631544,1331791.29799468,2424800.56590113,887441.994389869,816826.465712826,1460010.84583098,1456609.1623416,2166315.07188161,1400013.95856801,1018990.78679874,535475.848762293,261961.083011776,473312.785364233,376005.096233854,80805.428707783,86384.9892279012,377532.58531928,310663.129776635,184840.380323544,272219.376619469,300206.878529749,342499.187190311,1642758.36316386,3007189.45090281,1029901.11520401,546677.620367507,137294.251831379,260092.992418707,115576.814494986,961426.029456908,1098194.63424623,1605716.84769447,44126.5589188616,102318.715586728,218962.639250047
1482125.93204795,1424492.66365977,1965899.38019375,937643.73343406,836797.872363027,1525729.81072036,1320340.41275587,1671756.90440892,1023560.38275392,901848.11629749,371188.632606023,238413.083156053,422686.933146979,264651.107603327,76013.2725857525,70119.163858797,294644.453631771,205461.011380521,161440.30937064,286656.539220347,334466.584736553,314390.220727404,1551633.17080336,2910593.68411691,1006987.44995563,452213.588095401,154399.146120931,271088.793529178,109809.675843532,916053.993107542,989715.902027469,712942.443652679,48131.9009228861,101237.272172474,240827.558400534
1521796.35040732,1379405.29904731,2115016.42653019,842402.226622706,856825.987294526,1403018.89270902,1480065.92246006,1942648.62878928,1206652.86351405,1013751.1710076,457475.198348029,335440.074281089,571581.851680565,356315.562225513,96013.2363223595,68133.0106578381,338591.700111415,234283.178241376,157005.049666585,331238.509748684,371116.94096985,319869.346440924,1624817.78518649,3135015.7110971,1180732.14727608,534040.619066848,132962.105963708,304451.241831216,119570.518635674,1044384.20067567,891901.870944139,1557961.86299554,48670.2183742755,103519.809568743,245030.204666665
1648499.48548506,1351286.86043862,1290224.82406196,779950.95933108,731307.017229487,1337117.20967006,1610404.96682567,1911066.86413525,1048606.1726154,1224742.57474345,513228.107383054,324644.351342492,1000386.22888138,351178.491054515,87809.5836061563,75577.8747999196,293022.315556413,214382.777422812,196991.683417514,231173.307035023,343411.35067508,345987.367252852,1536656.05209249,2493176.77282773,1131545.29595125,621530.914077575,122286.333142483,236261.339621331,121082.037496016,731027.955609252,1034844.73494817,762718.240827491,34973.2835755331,79429.7735214296,214386.869117377
1370638.46980297,1365418.00381281,2388434.54666583,970667.748244713,782173.207523671,1237435.52515643,1316859.85744655,1767778.56095429,1108287.339044,899268.110061657,454786.620818839,295710.275084349,420631.810765714,296782.239139132,78776.4174107521,77437.0387712258,302593.815758537,269483.659410333,143293.200855944,193519.142836769,403402.038436732,329062.001205451,1759740.22987983,2731238.68849582,1341943.68728646,515872.813478114,206890.473375284,446538.842480546,163148.909464077,769625.296784601,1608428.76422141,1573661.62701417,43378.9577914908,98517.8491803048,251616.425337261
1223623.87838201,1252568.5547218,1515547.87901375,807112.782739562,683801.618672917,1192263.80573925,1354025.32035764,1910573.90425572,1203950.49143329,1663300.52211962,412635.74066226,343740.808624996,430510.703287585,264682.887602964,68866.5278712544,61372.4730310711,235129.292802204,241307.682960136,152944.040928929,224337.602208898,325624.413508279,322537.468139762,1519639.08533404,3014213.85927383,1097595.22351197,510613.160976283,181771.826301426,212475.003992866,251745.726829069,875541.480078307,1064539.65451019,745003.158904642,43209.8689107744,242609.615665691,218651.288489417
1574104.78953629,1341675.66374471,1723386.22430018,585110.104636232,744797.301201331,1494928.27147712,1522688.48316461,1986152.91997699,1330761.93580126,1042524.0954201,416683.151715165,362710.494665393,574683.880869197,334077.09757778,74700.5673588792,56297.4566311349,299020.817536537,245877.819833483,136251.941713401,252256.286045322,333503.871519794,272473.002742293,1642684.99147878,2699072.43328501,1184550.76699088,603554.18990068,159801.266491408,182690.234823079,116805.845922121,792096.263982506,1128742.38685896,757940.562185552,44522.6678854074,189762.826407119,248467.517007615
1367316.24949867,1511108.12081775,2262666.82696501,636864.384328344,758245.219159059,1451582.10825724,1323454.88170543,2106861.17972593,1133515.44081749,878943.526885213,529546.645252244,272445.328685061,425978.298318913,268419.103136199,113558.770073666,91569.7104065611,280063.789088633,318233.644924638,179958.775203845,267954.31138668,405313.724058463,308707.660819447,1443534.71516915,2799659.93559254,1144725.99306943,603340.986016356,185838.233042091,190378.660493851,109357.241251453,775334.133012637,944561.315132705,1606314.58241552,68215.0734671231,146592.129962903,230985.731482047
1566066.76978491,1444990.67071886,1849696.1637993,1361945.86620387,823806.444170128,1653232.92481443,1439937.65946295,1920558.8397892,1572177.88172446,1147132.39664624,428926.40545098,246807.146086731,480678.578199033,288150.708469852,92274.6040700473,69845.3726344809,311752.977526552,229021.237320405,175531.612024367,250306.147159468,324977.948979677,350268.11394794,1478627.98987681,3146751.63005388,1068484.74651666,491997.038172187,122358.89218207,233070.698007123,100885.659559265,873257.566279144,839219.231737445,1664054.1718264,50373.6839943531,119779.67910057,261771.705138713
1292597.72177359,1499820.13028004,2255839.78036115,782544.308501457,780688.234005986,1389721.35063137,1306455.46494874,1992545.46787333,1131825.45555242,731077.894576686,424870.1167973,387414.131179044,387867.901592835,259951.892854527,62080.5232958686,143891.893626189,357036.932873159,271652.992811096,174813.465653027,286331.061872508,473344.448576787,298047.326668789,1901200.65469877,3338948.25530803,1532510.47895168,473303.457940342,213183.519232249,322118.664169734,158153.494563245,1098749.81423297,2497645.16213741,1594740.93111036,39147.9548022533,108269.83265129,243952.737291598
1557462.06366451,1305435.27342637,1896930.18607098,897203.505066184,839513.433884223,1488119.8189464,1557469.92348813,1909420.39147707,1369812.2120175,850500.620485982,593147.392941148,315544.609435788,425053.917726015,342500.70639217,86821.6006259144,74797.818591962,337139.015892533,267263.570815287,151726.489433994,220499.221717129,334834.860587588,326868.083741611,1584582.28294093,3013862.31239479,1172817.6491428,492343.321727062,141060.075681427,456013.810880203,110372.461950785,771800.838563283,1287938.78556249,1596697.24559281,63729.6387089453,89807.7166000319,217741.239275077
1400785.05697386,1225835.74158581,2074741.04048727,592634.337244586,804993.177449109,1771530.94961916,1499315.6114663,2240912.45955442,1186705.85516576,939187.560441253,380180.306071507,256228.37277582,366562.282300122,305095.975006292,98090.6125002251,77867.7197795966,269615.59686664,251773.756017797,159481.549838305,252845.533348599,321108.974212852,293115.698551355,1303964.37405562,2491602.21349771,1344832.99910264,490794.376773123,127503.359453947,176579.482678093,98537.6266259951,1074899.91368037,1213095.21476683,1245009.13960117,42147.7836142497,265114.78559647,224219.321011721
1685712.86010369,2464261.54447205,1903325.98928573,507965.717638874,660248.567549648,1259360.96400485,1431421.74758091,1722185.17430094,1101500.51000925,996998.577098851,405377.629885023,353370.226850082,418948.875862285,294910.570690851,63137.6493611493,72550.5930163712,312219.348666503,253070.195718645,142896.80577213,212228.658318962,333387.303287738,333498.617988212,1977862.56918569,2589434.66567651,1034438.36265152,477248.379830638,173071.970910629,242580.765668494,126647.814920351,941973.060112429,1169281.44808312,1439144.30675081,32150.1635520001,95344.1270490761,247256.518268997
1356169.678499,1250260.76650185,1876560.68790306,731285.097143183,770132.638770821,1577445.92623596,1396799.12954158,2284755.25658732,1335999.4998225,846626.07329302,389091.318298939,250315.231427968,483012.305237589,323874.783365075,65938.4294869398,62111.6099483537,270371.492747368,277670.264724299,146519.619283412,226849.370225471,335060.683412099,336584.990096291,1341035.18547368,2543714.45249448,1042885.27413119,618658.380610452,149979.204581957,190150.628293069,98464.9670306475,967086.583978683,1185083.13782534,661866.308157452,36827.6071266578,103249.545928577,211778.721108998
1450119.34054979,1506496.25822867,2465765.0648095,934248.007390774,790117.453344699,1481659.64837102,1382278.72797981,2011903.07214139,1504640.97399484,919497.944985624,600385.391273693,298989.290660027,430133.072025039,285514.241627709,109049.900483114,80770.3281997484,297517.940766721,267886.338983954,158329.873179422,273088.625503128,339677.568022044,343724.052234185,1426679.64068844,2741021.44785577,1123433.84928697,645623.098027444,184658.02961989,314005.655031139,132881.951574646,906912.324036923,1024319.05978976,1270500.57603807,204135.85035353,146165.501800853,271174.24553845
1214009.22116571,1511832.83867432,1632370.77465921,819740.7926827,845770.645097205,1389556.3251484,1458106.02975986,2050249.71357469,1198325.78698745,779834.980109524,504858.577509593,253647.458955262,472547.723936768,263857.256283206,78159.3318466122,66968.2475895925,241164.841495672,222130.88610967,158584.16676419,234444.331394409,324543.630609593,315566.529394473,1238102.64556153,2769503.41193005,1044689.08685782,473311.243966104,125108.78417771,231930.626048069,100635.081342263,814289.523402448,922296.778926565,848526.115052513,40773.2223226348,94570.55715023,227132.745557629
1521148.90866099,1246942.28683307,2500391.39359368,1132518.90941239,771699.53124892,1439492.44617839,1291340.69464493,2151720.14858505,1334890.15344839,951414.565497517,428796.068861933,273134.446612138,465113.930642534,302993.067709911,73703.7257286288,60148.5330686586,251633.104573696,211329.522059724,158626.450052321,233456.63274231,326297.125971232,275741.096103917,1280188.88634893,2316529.04001711,1003464.3365931,628958.485821638,132124.117609027,234799.685399351,101089.552616208,744635.976369848,941498.690183811,1246035.65686789,60181.9610512934,86152.1483171949,202560.856727316
1639565.13238911,1443362.51500613,2226555.46945973,749774.109181771,784104.719065207,1417378.83138594,1504246.93449135,2107804.14731629,1295585.91812509,1044279.90624856,695227.735696839,283398.393346398,490231.12020176,323114.593764349,96742.0983996149,76240.5592073678,347516.696225477,286701.680348797,202455.66230152,238803.259625439,348933.731363346,352809.330835332,1658146.71463227,2889521.66799644,1101747.54722145,557186.617032908,163960.98843812,227889.069089897,122154.003580377,881532.353448265,1366682.75401075,1544762.04435276,45009.0703434639,114153.034297984,230521.218508919
1505335.58569569,1308697.72361227,2203915.23835255,825874.946860857,838857.236249423,1548670.04996125,2153767.0097289,1878034.92283083,1363651.4623997,819860.233220367,359090.535963412,315086.804783728,488108.920541174,287003.675441161,93648.7000343727,73268.5506468014,307131.622243525,250242.498870693,158545.224060703,224731.467082693,322404.816482697,295870.131144669,1280206.17638146,2780436.19122504,1215811.47236285,661434.545794096,196954.459132269,250462.855182191,105263.066798205,782266.433086816,1128652.67292508,1199780.44794053,121127.367680338,199637.388738216,258197.112141899
1430380.66362415,1134599.46779847,2103124.66974939,722040.028987045,810056.348033974,1234629.73830882,1326104.18312647,2048699.91349789,1231519.58250344,832418.998322398,387873.802725377,308571.330259874,440090.852693064,305318.902192896,76322.1808920446,74049.819183159,341770.382345722,260571.794834784,162051.213934801,246444.163670902,302326.419289295,313291.507394752,1860340.01070265,2828067.98884331,1186750.81505458,480103.24964798,115527.594469374,208637.794384915,215454.004357878,789588.7644551,1088139.87753238,1296982.55846658,44764.0211059079,222285.909769291,218113.531547685
1505990.92734499,1218254.80812644,1362212.05368455,579324.278590511,682715.271420326,1444975.32719837,1610813.67470091,1924801.33524767,1112103.22814051,791860.252779818,519260.06816298,263802.21523481,468557.132662134,259404.041162376,86867.6747431983,72566.6719412863,295679.223889883,225120.903834896,175801.704770579,233798.506708405,324629.002280862,262788.433374932,1296752.24211537,3299141.80280057,1242741.70165006,581521.109676412,192742.17376047,220148.681798227,109321.743054809,855232.121321204,2049072.57637371,1638123.08273309,42756.7867792354,272195.840638432,243111.077108907
1581463.02853111,1693248.09270615,2560440.95228682,786528.961419736,809175.798872083,1315561.7657767,1420075.2859231,1877575.92842914,1227833.50940443,886196.627222759,412115.100016741,287364.058475531,407733.911956374,260254.570529906,83612.4102946086,91196.8090960655,255496.865404783,270418.749462903,147185.959325893,234347.396309675,335779.056899861,308002.907243146,1403929.99513558,2824239.41142252,1287001.76245979,541398.595524724,169647.329594081,188096.146183317,163498.356094133,974437.664584924,1118409.62831158,892641.424637752,39628.0724611295,130695.155657517,219037.115070999
1585187.80634645,1381557.64967621,1933729.67478642,661936.613335872,707825.300194329,1339500.57250599,1427151.80273509,1991497.32418704,1087712.02167689,899004.312338645,381580.226074886,308967.749809361,375016.355308215,251936.962316231,108556.065652971,69241.0020010703,263091.270760288,217845.248682653,145137.006622672,299747.827316735,366423.447483835,339374.703558776,1303367.3003846,2560541.30754151,997796.384093563,524642.611030675,123510.14261283,190384.617764327,96687.978365267,698270.405674415,1054998.85321626,1319509.8900663,25950.1234148631,97349.1208838905,182499.283984774
1848852.07809743,1544425.69799909,2860134.96527028,1133395.32024062,886921.440778748,1496510.72249082,1469662.32203993,2154143.48240255,1547029.13453196,1072534.395761,595497.821055486,273620.400086652,544047.854306115,288240.759755856,72221.16836327,68900.331581976,263993.915113683,297698.534295955,161405.847802539,228442.911322902,360054.251303427,345145.98714101,1456414.59641457,2734756.93634602,1306229.85836833,586541.611215133,213670.148556031,276021.473188176,121950.528380295,1052323.54069382,1281924.27755813,1511771.05995651,35095.8564007316,105298.968563409,220466.953376284
1603967.48576621,1122287.24571108,2375788.95111954,1413901.81406548,721915.158941666,1515763.41039582,1419935.96945236,2012460.00482462,1320906.76586929,971434.805350472,468802.187192374,279604.389479792,518136.218677388,303039.070501738,73031.7088898709,74078.9055910537,295060.392165002,229224.722810059,159818.216087301,220414.908722745,343927.947198823,296083.901185698,1410960.5626398,3075205.15545014,1211795.94088366,571564.214821463,173940.360559046,218848.940849903,116180.330680795,842507.805767649,1215117.01734724,1398929.0707164,53089.5153125716,228594.53042371,247126.697264283
1580639.90831556,1631324.44219257,2264875.95115604,614140.731609654,682060.885664152,1300846.18953625,1424602.30401905,1951507.40144663,1251874.27169093,797573.626207627,522775.311717803,262657.665324508,428846.48989435,263421.781573805,74824.0801934967,68230.4297526434,238186.613894531,204979.241675243,153569.655794095,249660.365712031,339418.913693423,317797.396123318,1390640.20939461,2645830.22837916,1099377.40640738,571999.286483704,142036.511305128,253182.93826345,119754.164957086,804890.830670226,974372.773150294,1498663.23757312,45121.6816629907,99846.7137140592,215992.518743499
1558752.8325668,1275643.55354511,1632323.80656462,842564.807536849,786330.531852789,1456534.1445817,1540320.25257422,2045444.15698023,1201188.84367396,891471.2439891,381571.236360143,250767.095484634,464522.828357997,340738.88438328,87046.1027419036,76762.4543293424,309144.607742571,265121.816432105,152535.275896949,252219.750377562,364818.61915941,297992.904501545,1292522.195985,3070461.29222615,1189795.56463687,630985.999020535,119582.094570808,240615.512220631,89978.4683443032,803905.411921522,935756.361419375,1282203.6988857,49302.9098326768,168454.005089934,239237.233687003
1634525.87186318,1502828.94042908,2366990.38791701,969598.8167143,756286.779769771,1660594.30633634,1626216.25374542,2200900.74424124,1341191.69971111,1032663.7666516,438813.429742698,367959.01739235,460966.591098109,332569.57219618,75648.2081342455,66461.5874663695,255870.688707655,278068.145682988,158063.364584632,209905.681588183,289453.783716148,336151.483415886,1806892.39165669,2756950.30177777,1175197.00664201,695297.092739474,241245.902495914,247708.021278615,104803.045151722,883449.930482844,1351958.58911194,813467.048402507,47960.0521337818,137636.753077476,228697.759025697
1495453.67662748,1455955.86211749,2305627.94937447,716213.6297391,782574.98052887,1283101.01210846,1310137.80462195,1856672.74100709,1394552.88294085,766058.117995942,452323.786578927,295778.484945289,406938.048519225,277652.79164872,86304.6190152595,67192.8104541607,249913.085276973,291271.663109273,147238.970671448,256296.262183398,316794.025540781,296599.239264579,1546951.7456564,2675396.69632429,1154826.30364911,615997.246723122,147098.193741449,180586.582931331,140358.422705254,781792.223759214,925760.20023543,1435265.53946053,34524.1323227989,107559.281513885,234223.277676269
1799249.68531647,1371677.55823825,1526973.1836445,860677.456308473,858206.384363958,1469769.55749244,1366769.39122886,1888847.65800699,955959.097831802,1140599.01543408,417036.901456975,243290.457202346,487963.29047811,321452.327840189,68897.1779806469,66286.5647365605,273144.300560882,201575.267203531,151724.538199314,197087.208774044,300708.838971468,275669.029011118,1609525.46830112,2301289.48115281,1047283.29376464,505091.144040759,200004.619533809,232924.478302381,150104.562846038,804311.956573131,1512493.36764027,725103.051421687,54900.3483546443,134605.585858788,201559.989432473
1594401.88069514,1941560.01820718,2578725.36492654,684281.399270186,845050.868126602,1455561.29973056,1496158.46405041,2083350.79467697,1585793.75874766,1183481.82384469,565252.827096258,291554.757247878,519221.344127606,429788.425308038,95153.5890223946,78847.6688567715,278547.903793546,261304.404916011,180001.044185309,282059.41715994,361923.027402401,344409.518286168,1298605.06739525,2779442.77150316,1215662.70999375,644215.827706234,197227.293874714,316562.770166875,119694.875880723,843733.357139842,1077239.07469875,1266422.19183319,53830.6940595513,158541.612070845,244348.964734974
1483121.67397921,1537719.44247519,2022628.93420388,851641.394992097,816362.264299308,1218983.14542263,1384436.22480092,1884636.02546723,1124916.04653968,781971.583647698,469684.552365181,289534.663919286,429685.276582731,231207.933052093,78252.575750851,102643.572820767,394747.000407726,253354.021369702,140645.626874712,250628.538469967,431538.116860333,325959.278232518,1569693.15423706,2680136.7227099,1056288.3315819,476633.629412137,201578.812158504,195749.194468101,122264.554466303,711236.997505595,749042.831053727,810091.258653914,48554.9884755103,96650.8189030829,238721.881706057
1567388.47622014,1339359.02034298,2412676.72955978,856702.324486797,834879.457384785,1477348.14710354,1708244.46696749,1960792.92355083,1107952.12988918,1025512.85629827,491965.32803738,319666.069243368,918971.90616455,246588.566077259,102307.527306835,76130.1294355956,247099.056485585,237422.254678467,171815.50647244,289981.987503921,388732.658594002,324674.305631422,1435400.68359989,2986913.86491675,1139068.97866076,528029.686672007,148298.423990246,208516.500495848,114432.363914975,841736.119851297,1125113.20004558,1371790.89555266,41492.4592662801,248924.048745962,214473.082808517
1643036.18816998,1491469.00308243,1957533.21086072,1224829.3287071,843724.267102746,1232024.96679161,1410843.93699542,1990289.31197224,1144315.79297913,970526.389495274,408574.793701674,288921.68025853,505500.123678974,264394.203416914,77072.679883726,77225.3359770035,261500.343767959,209564.051068808,162310.987727412,235185.649383007,325599.480142664,321302.294928073,1546394.9779176,2780010.1441051,1044986.2285129,579261.155346069,159555.977724691,267625.432109989,119409.957215904,856358.270858663,1098433.86988384,1681994.36700109,41160.6391572988,101840.415870654,206397.036656717
1779491.23018345,1526480.40353945,2142326.95951963,798709.317440051,819597.478033847,1369427.87736572,1355790.21190881,2105984.96535444,1298108.07474354,1337223.88774039,410820.86764193,263334.605779484,444200.216051008,369765.623931472,96478.3929791217,92743.7062253195,388449.482875571,311675.520055572,150629.828624758,283135.182625485,336897.886769725,354691.812799528,1336030.30842664,2660645.94952405,1135410.2895249,589867.593749242,148437.592266157,246229.341315372,129024.258081062,1124754.86652858,921050.132746653,1501277.93392529,52985.0296119639,138127.140456438,262431.779870228
1651084.57460195,1573136.02020878,1780816.7642016,1039566.39526603,863132.030026953,1539665.33167033,1516295.58618828,2371762.89424468,1518126.25285526,1076064.45199738,494839.269242031,300389.056033654,561981.469029603,343472.960027985,98328.5670633738,75204.6252149384,313187.80091788,222387.743568822,166490.664612765,295412.710928242,350475.451784525,394771.865724754,1202618.8251137,2784943.8333845,1397992.50703948,693050.936730075,158059.199197516,725758.110115034,136665.4158659,908049.973211449,1164116.67958943,1478656.40779615,28650.2126503636,202695.785623795,255724.242649855
1694008.10656735,1519187.70516438,1743904.16772371,724927.787497075,901617.790599754,1424608.91057907,1433451.19180887,1919999.55645717,1554606.49358815,806214.839201647,525438.155486352,267742.428296246,412137.745798676,277519.715115257,146444.782100622,73158.7598782491,251020.153296954,265360.411967722,172799.652500693,253438.740098103,372120.778186249,317966.96589258,1354655.82330876,2252370.03981951,1091942.59124426,637174.066941431,163113.847403163,266157.702574542,104828.559140434,752548.621262431,883502.902667698,1433343.12518797,87797.9880449966,116549.79098248,243298.109119603
1409779.37450913,1439754.32172494,1736449.07116421,818382.697831337,722525.957742985,1499294.61422032,1538716.67387723,1934978.57898969,1220944.20986362,973070.667612833,425513.597581188,310359.645967509,536222.027622228,365334.947680842,98032.5006066951,106602.733397057,352953.853446141,300959.509303575,203053.15580067,247067.166653859,381762.989046543,321282.697928633,1657741.18556687,3350658.18571923,1349837.64616579,531937.860632853,151982.573850086,258871.960003095,119705.96485439,915685.735817016,2837361.74256135,964382.497824152,31455.2440254359,117003.597875628,240991.04290994
1548922.0538316,1365803.62552138,2379251.85934593,732249.136848797,870041.540696052,1537728.4983115,1489215.44464352,2048231.10928433,1653467.74443588,891491.670267225,689779.774847897,302857.059370154,469068.614477243,409481.833025482,122472.561436375,87587.5933539045,317705.926535241,380435.663361265,227757.548618668,242061.316986495,357905.837440526,340878.011691141,1546684.31567903,2916869.2525761,1199223.12456639,648829.238341733,152608.045967789,237265.119336262,108551.328394077,896447.322812587,1078982.08893026,1079855.09629983,60957.6083640437,102411.23369838,233863.886813341
2344598.36531195,1514993.92756759,1700282.75308427,1338484.10605266,821765.142074266,1093280.92814585,1332826.27215512,1791419.09827432,1233664.9786854,751174.948768727,423999.143090978,227266.693207256,476575.186813281,276030.760398611,82817.3878252716,95035.5755935946,245673.951281586,271628.795108267,138067.705606291,302493.239606018,379445.578350586,300758.161553286,1518699.64908229,2452809.24785075,990451.71585457,596164.434249783,261739.052822075,288392.983770829,139453.366470772,858322.849935545,941041.238532794,1558829.01481898,46393.3236229766,105447.627336713,246375.039091157
1493516.96613995,1686520.14987543,2212554.50034216,554644.201207975,717038.033678515,1372464.7279446,1373642.22810295,1966380.65395485,1157626.19948256,953569.831786358,486075.313661103,255933.117514176,439866.610914175,309539.167931508,78315.3439617951,67722.7992197731,289941.763482124,261527.670331093,158449.165861246,211757.435417674,309011.463962182,288339.603945382,1997396.04301951,2814856.23729924,1160728.76164724,492611.912080649,136615.071915117,216449.953801995,88263.9365168904,903863.182181833,1164905.8732843,1469024.16901037,44794.7787234069,255527.698453871,235507.936677044
1502257.75058335,1325976.92767882,1564582.76566568,973934.63356348,800189.236881361,1534692.99274213,1314179.49501485,2048525.31711684,1139896.25271865,846321.013476955,469233.690256389,244948.438878177,394851.354048802,256258.252604409,75117.42703081,66407.1376488657,272744.493948922,242947.366899164,129761.429853613,292834.670898604,348511.606184147,367021.349113629,1361977.7106767,2790948.63571416,1056278.56791976,515013.356330073,150209.19504717,208443.536767509,136774.403967204,933512.473889236,856500.551287746,1450720.58319544,30760.3548903511,121429.332652447,263306.36195201
1580071.00838177,1163684.89677251,1982745.25303496,849638.687039693,899412.785467521,1667897.85692196,1455259.22424417,2006340.10836255,1378829.10724316,1000439.55624832,912781.673896319,284694.608289994,463482.494086822,375318.537106597,91630.5611576784,70521.0612327463,320187.026228665,278793.753154373,163245.14973286,257148.668775586,334394.59227336,352267.986501185,1694472.7365706,3184353.54025421,1149588.34264998,460510.30278857,158114.180626425,511432.28565548,110831.258226431,844302.421740279,1074515.56500856,913192.763598219,201710.360233518,108183.833949453,232021.473518305
1369457.63800351,1497551.80722986,2062581.73693795,804407.481259387,789158.583099615,1467449.81415869,1491816.53276489,1978097.02500998,1319822.03549757,999692.15396939,547973.108045127,287292.767729386,484197.738269197,346778.234531213,87310.2025590331,81026.7622505011,267921.369555336,253695.35980042,147089.395059145,200196.479975276,310403.219438829,322030.098263053,1469552.8382397,2852820.2661683,1233269.9134657,505228.742714648,146716.783968806,276877.443804953,113723.618600604,828277.309605388,967646.813127355,771069.006058843,59191.6639498349,241101.930289081,244173.714295092
1619378.76727666,1312849.08561822,1420983.03950531,810761.044378777,757181.881729949,1496557.38664715,1552571.06769071,1885795.92222351,1228705.42477641,836265.865980334,419490.986744111,260748.294255852,458238.414390625,263226.957842237,93514.2534977944,75377.2986527502,252688.215132666,188217.360050513,156222.56218064,234957.152079188,322635.348390867,323505.640378059,1502531.21045845,2959727.69510655,1102423.85760077,505241.835602227,139128.378753177,185832.036250249,107855.997560412,742079.104747926,968575.457590993,1161484.8389713,49626.0781568914,107870.91672379,228026.954417953
1402708.49146286,1222573.89243934,1961091.60286267,756776.361531437,679580.506598036,1593449.79390547,1402075.44557922,2047096.4036888,1070122.44124409,829593.301553425,375374.066298711,394641.562689208,580576.341710311,304965.18929408,70180.9774493838,70696.5182949613,246619.323935817,267512.848483527,149398.917254094,228677.497084237,354217.465011124,273669.825962381,1317512.14987033,2541670.43338273,1103317.1537323,433332.35675158,115265.494318945,252060.981523786,99544.4127385963,814919.205806596,1121483.19184463,568879.184221115,48473.2573858382,189551.686160506,223815.469595066
1441206.6805562,1371747.2044594,1880190.74615804,917467.980360383,775852.724619988,1555710.81279913,1462468.15151733,2006929.15921494,1843981.91388535,1217985.40339185,408470.848968905,261014.316780601,465411.668152575,329928.945442315,87000.3251831035,77912.0693668511,346433.604451751,301955.773207209,159614.81485362,268620.822050237,354136.060173042,362849.766063446,1530356.44206917,3425383.33937682,1166758.40878637,495499.727124504,144294.176100163,160151.054822581,123914.03230896,834279.542163419,835809.184361073,800077.413973479,62200.7279024725,111294.396565022,272104.337155811
1304636.2452443,1411311.05949013,1980932.39110766,641345.280684229,714179.608651808,1390208.35818535,1436075.93467971,1932633.18136795,1326506.47198347,937744.64122212,474056.670237713,277999.641831338,484672.324292881,329461.28389313,79008.6357145405,66577.1688558043,306017.329216862,269050.174983601,155269.935549225,217345.613922981,319859.157963588,309419.717058118,1430363.56987181,2638856.56114847,1403220.50504063,682444.356493144,158656.316861416,263256.510671564,133758.241009893,915146.06833032,2440925.00818672,1220101.23904209,48719.9948447475,231834.295589281,229493.487750328
2473114.81794331,1128380.4519551,1069860.78064732,843955.700690074,708912.671414013,1018260.98490355,1487433.93899565,2016535.76715857,1575061.43331179,1167326.56266098,580029.461112777,253211.300657642,597889.648777854,322972.033088508,115888.922811831,88442.5941316146,316301.006699207,228427.861668695,184714.804108688,241842.638954813,334217.43847635,303557.113157737,1585625.61682901,2462454.28489853,933700.199475914,429780.144788855,146421.25981739,196389.193663722,108444.171864991,892840.568809201,955875.258786901,1273500.13217505,66827.1446686977,161491.558849995,208133.240302981
1575665.45182095,1400993.00519498,1500747.26508786,638909.401951972,781851.155898771,1399219.39715539,1393224.61657375,2040851.27099266,1280988.82242321,862110.908199708,546241.289274587,309014.373942639,435525.831443578,271923.73506322,77109.646653277,66682.2500777794,252523.192197675,226250.753046515,185246.869046455,226220.193837911,315336.689798993,293993.867496078,1285314.90047703,2702851.6174831,1099916.95504896,484131.942829895,170898.789773159,258228.543054675,111011.857710702,798982.788802622,1025665.5343965,1375115.82928413,53830.6488835078,89414.162878546,250296.323532228
1792175.55419772,1262939.90712994,1451233.41367675,845384.467881204,771650.641724012,1369251.06759105,1559994.76557075,2046403.45719577,1625227.18324187,1155433.09424716,557699.39887153,306789.469108795,478708.637102529,264119.218666926,78453.3063837898,67546.8397196149,302136.209131955,203354.349639669,179490.211040419,255017.185188815,335881.095796093,315012.074130647,1495063.71397464,2611693.89518368,1041702.08458817,446209.476570963,159820.58950792,189122.90589459,101246.526543047,886919.942741447,1129437.37185658,1254256.93170248,44986.9268801896,236066.462287122,226817.181797682
1362503.42850977,1457466.27932515,2075774.20279261,590577.062080768,746537.101701339,1475358.05172359,1388924.0942895,1919440.08663578,1206819.03343864,895570.7675465,443232.746595946,289687.634089011,563172.734445984,271440.711009962,88584.422613938,76861.0227721061,291057.435704647,229471.710734048,174765.240702901,262685.347345176,334957.562880627,344859.32696072,1431506.66640529,2794339.02547227,1185417.93173066,492504.831568038,147676.250861851,219086.058063426,146230.416708967,984735.031141845,1077762.67915564,931664.719329023,53722.4161161918,113783.116870897,268812.47413192
1537678.59817725,1583332.71115569,1414587.99972854,655635.661179867,829698.975840749,1405517.78851276,1425564.97097526,1909005.28654705,1105476.4915153,803289.885124082,427211.901228619,271728.311971314,382873.60959912,269101.968727846,87173.6838814142,75737.7438707408,322107.23977443,249674.447188519,157239.504385275,229455.686375249,327650.2514527,326819.723589441,1353240.71280019,2565901.42980286,1012443.32998795,496892.328384898,121859.747093579,135357.491891991,103618.140799655,731257.124776766,817655.465749973,896149.84918251,43317.8836764205,239206.443251757,240003.999714919
1548110.72917784,1302160.23002252,1913411.38118001,970115.327799012,930275.364033564,1406645.14221785,1450814.3452897,1967735.02695146,1102092.01977457,838723.409028369,435043.742438371,224206.649631373,403751.035069388,269587.077886351,89349.0478589353,68768.9934116718,242767.353665206,204876.31936708,141397.263810659,237824.085492899,312682.019431009,356704.779082244,1200715.69144767,2817474.51724544,1222724.14280869,614659.853400128,190344.034053619,311051.174352949,129814.291098568,903576.555986553,1038484.02385398,1499089.39153726,57580.2736218779,110144.991563285,190879.547761428
1369999.92422494,1327628.76560851,2012880.79925337,1079920.69306063,834129.871738055,1340992.02811919,1494392.73513377,2162378.13073384,1196619.40084397,835319.522071319,470298.747197156,262956.587851914,441886.749880836,266514.366281623,80800.9534435504,79536.6579751869,302713.661341666,284749.804992142,142946.759788428,271907.480562651,338965.468155649,313044.468948905,1377606.26083861,2770111.95195002,1056436.10137796,523505.116256743,159579.20682169,301964.914485117,101028.335832522,924007.245696057,1037372.5203837,1492661.86191133,45009.8167492169,115093.707459048,268700.694141445
1420006.90218083,1298698.83740589,1695578.2425868,1334102.25069136,909893.614071288,1491192.59807469,1430102.12177721,2200116.23447855,1459278.51666238,1163125.60996916,326248.885524544,306982.480966726,387151.753378089,372610.307657934,94310.8360273469,78060.0013702441,310817.657593497,259573.355818557,181518.904401321,266987.621197935,330746.06751224,326079.889564145,1530072.95569134,3140336.05270277,1217764.1400839,616134.333676358,449750.760721938,231371.428127252,141054.287130816,942253.935549768,1706921.23415114,1238185.0770063,48936.0682868483,90018.2459819595,211527.699037587
1856258.65253303,1745086.02682319,1883865.93765418,834039.206112548,859928.408868442,1388919.66291843,1638351.86195991,2149773.37103765,1334529.49904362,995742.918337898,601839.762705933,329869.214108441,587766.968000738,343942.579070956,124306.801192894,122990.707750375,327160.189375279,323545.068222633,219605.600942174,273718.059552656,376348.119984341,368441.705762286,1521555.21163076,3130437.27980195,1214460.93770504,571014.219991954,192102.241000379,217542.817950201,124849.496179438,1112122.78378636,1189792.75345847,1696474.31464531,82804.8203321089,221036.39929309,257178.487091681
